<?xml version="1.0"?>
<SerializableException xmlns:xsi="http://www.w3.org/2001/XMLSchema-instance" xmlns:xsd="http://www.w3.org/2001/XMLSchema">
  <ExtendedInformation>
    <HResult>-2146233079</HResult>
  </ExtendedInformation>
  <InnerException>
    <ExtendedInformation>
      <HResult>-2146233088</HResult>
    </ExtendedInformation>
    <Message>针对开发人员的信息(使用文本可视化工具来阅读此内容):
引发此异常的原因是名为“MDataGrid”的控件“System.Windows.Controls.DataGrid Items.Count:4”的生成器已接收到一个 CollectionChanged 事件序列，这些事件与 Items 集合的当前状态不符。  检测到以下差异:
  累积计数 3 与实际计数 4 不相同。[累积计数的计算方式为: 上次重置时的计数 + 添加数 - 自上次重置后的删除数。]

以下的一个或多个源可能已引发错误事件:
     System.Windows.Controls.ItemContainerGenerator
      System.Windows.Controls.ItemCollection
       System.Windows.Data.ListCollectionView
        System.Collections.Generic.List`1[[CheckTranslationWidthAPP.model.ResultQueueInfo, CheckTranslationWidthAPP, Version=1.0.0.0, Culture=neutral, PublicKeyToken=null]]
(标有星号的源被认为更有可能是问题的根源。)

最常见的原因有: (a)在未引发相应事件的情况下更改了集合或集合的计数，(b)引发的事件使用了错误的索引或项参数。

异常的堆栈跟踪将描述不一致情况是如何检测到的，而不是描述不一致情况是如何发生的。  若要获得更及时的异常，应将生成器上附加的属性“PresentationTraceSources.TraceLevel”设置为值“High”，然后重新运行该方案。  完成此操作的一个方法是，在“即时”窗口中运行与下面的命令类似的命令:
   System.Diagnostics.PresentationTraceSources.SetTraceLevel(myItemsControl.ItemContainerGenerator, System.Diagnostics.PresentationTraceLevel.High)
。这会使得在发生每个 CollectionChanged 事件之后运行检测逻辑，因此，这将减慢应用程序的运行速度。
</Message>
    <Type>System.Exception</Type>
  </InnerException>
  <Message>某个 ItemsControl 与它的项源不一致。
  请参见内部异常以获取更多信息。</Message>
  <Source>PresentationFramework</Source>
  <StackTrace>   在 System.Windows.Controls.ItemContainerGenerator.Verify()
   在 System.Windows.Controls.VirtualizingStackPanel.MeasureChild(IItemContainerGenerator&amp; generator, IContainItemStorage&amp; itemStorageProvider, IContainItemStorage&amp; parentItemStorageProvider, Object&amp; parentItem, Boolean&amp; hasUniformOrAverageContainerSizeBeenSet, Double&amp; computedUniformOrAverageContainerSize, Double&amp; computedUniformOrAverageContainerPixelSize, Boolean&amp; computedAreContainersUniformlySized, Boolean&amp; hasAnyContainerSpanChanged, IList&amp; items, Object&amp; item, IList&amp; children, Int32&amp; childIndex, Boolean&amp; visualOrderChanged, Boolean&amp; isHorizontal, Size&amp; childConstraint, Rect&amp; viewport, VirtualizationCacheLength&amp; cacheSize, VirtualizationCacheLengthUnit&amp; cacheUnit, Boolean&amp; foundFirstItemInViewport, Double&amp; firstItemInViewportOffset, Size&amp; stackPixelSize, Size&amp; stackPixelSizeInViewport, Size&amp; stackPixelSizeInCacheBeforeViewport, Size&amp; stackPixelSizeInCacheAfterViewport, Size&amp; stackLogicalSize, Size&amp; stackLogicalSizeInViewport, Size&amp; stackLogicalSizeInCacheBeforeViewport, Size&amp; stackLogicalSizeInCacheAfterViewport, Boolean&amp; mustDisableVirtualization, Boolean isBeforeFirstItem, Boolean isAfterFirstItem, Boolean isAfterLastItem, Boolean skipActualMeasure, Boolean skipGeneration, Boolean&amp; hasBringIntoViewContainerBeenMeasured, Boolean&amp; hasVirtualizingChildren)
   在 System.Windows.Controls.VirtualizingStackPanel.MeasureOverrideImpl(Size constraint, Nullable`1&amp; lastPageSafeOffset, List`1&amp; previouslyMeasuredOffsets, Nullable`1&amp; lastPagePixelSize, Boolean remeasure)
   在 System.Windows.Controls.VirtualizingStackPanel.MeasureOverride(Size constraint)
   在 System.Windows.Controls.Primitives.DataGridRowsPresenter.MeasureOverride(Size constraint)
   在 System.Windows.FrameworkElement.MeasureCore(Size availableSize)
   在 System.Windows.UIElement.Measure(Size availableSize)
   在 System.Windows.ContextLayoutManager.UpdateLayout()
   在 System.Windows.ContextLayoutManager.UpdateLayoutCallback(Object arg)
   在 System.Windows.Media.MediaContext.InvokeOnRenderCallback.DoWork()
   在 System.Windows.Media.MediaContext.FireInvokeOnRenderCallbacks()
   在 System.Windows.Media.MediaContext.RenderMessageHandlerCore(Object resizedCompositionTarget)
   在 System.Windows.Media.MediaContext.RenderMessageHandler(Object resizedCompositionTarget)
   在 System.Windows.Threading.ExceptionWrapper.InternalRealCall(Delegate callback, Object args, Int32 numArgs)
   在 System.Windows.Threading.ExceptionWrapper.TryCatchWhen(Object source, Delegate callback, Object args, Int32 numArgs, Delegate catchHandler)</StackTrace>
  <TargetSite>Void Verify() @ System.Windows.Controls.ItemContainerGenerator</TargetSite>
  <Type>System.InvalidOperationException</Type>
</SerializableException>