<?xml version="1.0"?>
<SerializableException xmlns:xsi="http://www.w3.org/2001/XMLSchema-instance" xmlns:xsd="http://www.w3.org/2001/XMLSchema">
  <ExtendedInformation>
    <Task>System.Threading.Tasks.Task`1[System.Object]</Task>
    <CancellationToken>System.Threading.CancellationToken</CancellationToken>
    <HResult>-2146233029</HResult>
  </ExtendedInformation>
  <Message>已取消一个任务。</Message>
  <Source>mscorlib</Source>
  <StackTrace>   在 System.Runtime.CompilerServices.TaskAwaiter.ThrowForNonSuccess(Task task)
   在 System.Runtime.CompilerServices.TaskAwaiter.HandleNonSuccessAndDebuggerNotification(Task task)
   在 System.Windows.Threading.DispatcherOperation.Wait(TimeSpan timeout)
   在 System.Windows.Threading.Dispatcher.InvokeImpl(DispatcherOperation operation, CancellationToken cancellationToken, TimeSpan timeout)
   在 System.Windows.Threading.Dispatcher.Invoke(Action callback, DispatcherPriority priority, CancellationToken cancellationToken, TimeSpan timeout)
   在 System.Windows.Threading.Dispatcher.Invoke(Action callback)
   在 CheckTranslationWidthAPP.MainWindow.GetActualWidth(String strStardand) 位置 C:\Users\NGB\source\repos\CheckTranslationWidthAPP\CheckTranslationWidthAPP\CheckTranslationWidthAPP\MainWindow.xaml.cs:行号 388
   在 CheckTranslationWidthAPP.MainWindow.DealQueueData(Queue`1 queueInfo) 位置 C:\Users\NGB\source\repos\CheckTranslationWidthAPP\CheckTranslationWidthAPP\CheckTranslationWidthAPP\MainWindow.xaml.cs:行号 144
   在 CheckTranslationWidthAPP.MainWindow.DataQueueThreadStart(Object mDataQueue) 位置 C:\Users\NGB\source\repos\CheckTranslationWidthAPP\CheckTranslationWidthAPP\CheckTranslationWidthAPP\MainWindow.xaml.cs:行号 211
   在 System.Threading.ThreadHelper.ThreadStart_Context(Object state)
   在 System.Threading.ExecutionContext.RunInternal(ExecutionContext executionContext, ContextCallback callback, Object state, Boolean preserveSyncCtx)
   在 System.Threading.ExecutionContext.Run(ExecutionContext executionContext, ContextCallback callback, Object state, Boolean preserveSyncCtx)
   在 System.Threading.ExecutionContext.Run(ExecutionContext executionContext, ContextCallback callback, Object state)
   在 System.Threading.ThreadHelper.ThreadStart(Object obj)</StackTrace>
  <TargetSite>Void ThrowForNonSuccess(System.Threading.Tasks.Task) @ System.Runtime.CompilerServices.TaskAwaiter</TargetSite>
  <Type>System.Threading.Tasks.TaskCanceledException</Type>
</SerializableException>