<?xml version="1.0"?>
<SerializableException xmlns:xsi="http://www.w3.org/2001/XMLSchema-instance" xmlns:xsd="http://www.w3.org/2001/XMLSchema">
  <ExtendedInformation>
    <HResult>-2146232828</HResult>
  </ExtendedInformation>
  <InnerException>
    <ExtendedInformation>
      <HResult>-2147467261</HResult>
    </ExtendedInformation>
    <Message>未将对象引用设置到对象的实例。</Message>
    <Source>CheckTranslationWidthAPP</Source>
    <StackTrace>   在 CheckTranslationWidthAPP.MainWindow.ComboBox_SelectionChanged(Object sender, SelectionChangedEventArgs e) 位置 E:\test\CheckTranslationWidthAPP\CheckTranslationWidthAPP\MainWindow.xaml.cs:行号 349
   在 System.Windows.Controls.SelectionChangedEventArgs.InvokeEventHandler(Delegate genericHandler, Object genericTarget)
   在 System.Windows.RoutedEventArgs.InvokeHandler(Delegate handler, Object target)
   在 System.Windows.RoutedEventHandlerInfo.InvokeHandler(Object target, RoutedEventArgs routedEventArgs)
   在 System.Windows.EventRoute.InvokeHandlersImpl(Object source, RoutedEventArgs args, Boolean reRaised)
   在 System.Windows.UIElement.RaiseEventImpl(DependencyObject sender, RoutedEventArgs args)
   在 System.Windows.UIElement.RaiseEvent(RoutedEventArgs e)
   在 System.Windows.Controls.ComboBox.OnSelectionChanged(SelectionChangedEventArgs e)
   在 System.Windows.Controls.Primitives.Selector.InvokeSelectionChanged(List`1 unselectedInfos, List`1 selectedInfos)
   在 System.Windows.Controls.Primitives.Selector.SelectionChanger.End()
   在 System.Windows.Controls.Primitives.Selector.SetSelectedHelper(Object item, FrameworkElement UI, Boolean selected)
   在 System.Windows.Controls.Primitives.Selector.NotifyIsSelectedChanged(FrameworkElement container, Boolean selected, RoutedEventArgs e)
   在 System.Windows.Controls.Primitives.Selector.OnSelected(Object sender, RoutedEventArgs e)
   在 System.Windows.RoutedEventHandlerInfo.InvokeHandler(Object target, RoutedEventArgs routedEventArgs)
   在 System.Windows.EventRoute.InvokeHandlersImpl(Object source, RoutedEventArgs args, Boolean reRaised)
   在 System.Windows.UIElement.RaiseEventImpl(DependencyObject sender, RoutedEventArgs args)
   在 System.Windows.UIElement.RaiseEvent(RoutedEventArgs e)
   在 System.Windows.Controls.ListBoxItem.OnSelected(RoutedEventArgs e)
   在 System.Windows.Controls.ListBoxItem.OnIsSelectedChanged(DependencyObject d, DependencyPropertyChangedEventArgs e)
   在 System.Windows.DependencyObject.OnPropertyChanged(DependencyPropertyChangedEventArgs e)
   在 System.Windows.FrameworkElement.OnPropertyChanged(DependencyPropertyChangedEventArgs e)
   在 System.Windows.DependencyObject.NotifyPropertyChange(DependencyPropertyChangedEventArgs args)
   在 System.Windows.DependencyObject.UpdateEffectiveValue(EntryIndex entryIndex, DependencyProperty dp, PropertyMetadata metadata, EffectiveValueEntry oldEntry, EffectiveValueEntry&amp; newEntry, Boolean coerceWithDeferredReference, Boolean coerceWithCurrentValue, OperationType operationType)
   在 System.Windows.DependencyObject.SetValueCommon(DependencyProperty dp, Object value, PropertyMetadata metadata, Boolean coerceWithDeferredReference, Boolean coerceWithCurrentValue, OperationType operationType, Boolean isInternal)
   在 System.Windows.Baml2006.WpfKnownMemberInvoker.SetValue(Object instance, Object value)
   在 MS.Internal.Xaml.Runtime.ClrObjectRuntime.SetValue(XamlMember member, Object obj, Object value)
   在 MS.Internal.Xaml.Runtime.ClrObjectRuntime.SetValue(Object inst, XamlMember property, Object value)
   在 System.Xaml.XamlObjectWriter.Logic_ApplyPropertyValue(ObjectWriterContext ctx, XamlMember prop, Object value, Boolean onParent)
   在 System.Xaml.XamlObjectWriter.Logic_DoAssignmentToParentProperty(ObjectWriterContext ctx)
   在 System.Xaml.XamlObjectWriter.WriteEndMember()
   在 System.Xaml.XamlWriter.WriteNode(XamlReader reader)
   在 System.Windows.Markup.WpfXamlLoader.TransformNodes(XamlReader xamlReader, XamlObjectWriter xamlWriter, Boolean onlyLoadOneNode, Boolean skipJournaledProperties, Boolean shouldPassLineNumberInfo, IXamlLineInfo xamlLineInfo, IXamlLineInfoConsumer xamlLineInfoConsumer, XamlContextStack`1 stack, IStyleConnector styleConnector)
   在 System.Windows.Markup.WpfXamlLoader.Load(XamlReader xamlReader, IXamlObjectWriterFactory writerFactory, Boolean skipJournaledProperties, Object rootObject, XamlObjectWriterSettings settings, Uri baseUri)
   在 System.Windows.Markup.WpfXamlLoader.LoadBaml(XamlReader xamlReader, Boolean skipJournaledProperties, Object rootObject, XamlAccessLevel accessLevel, Uri baseUri)
   在 System.Windows.Markup.XamlReader.LoadBaml(Stream stream, ParserContext parserContext, Object parent, Boolean closeStream)
   在 System.Windows.Application.LoadComponent(Object component, Uri resourceLocator)
   在 CheckTranslationWidthAPP.MainWindow.InitializeComponent() 位置 E:\test\CheckTranslationWidthAPP\CheckTranslationWidthAPP\MainWindow.xaml:行号 1
   在 CheckTranslationWidthAPP.MainWindow..ctor() 位置 E:\test\CheckTranslationWidthAPP\CheckTranslationWidthAPP\MainWindow.xaml.cs:行号 54</StackTrace>
    <TargetSite>Void ComboBox_SelectionChanged(System.Object, System.Windows.Controls.SelectionChangedEventArgs) @ CheckTranslationWidthAPP.MainWindow</TargetSite>
    <Type>System.NullReferenceException</Type>
  </InnerException>
  <Message>调用的目标发生了异常。</Message>
  <Source>mscorlib</Source>
  <StackTrace>   在 System.RuntimeTypeHandle.CreateInstance(RuntimeType type, Boolean publicOnly, Boolean noCheck, Boolean&amp; canBeCached, RuntimeMethodHandleInternal&amp; ctor, Boolean&amp; bNeedSecurityCheck)
   在 System.RuntimeType.CreateInstanceSlow(Boolean publicOnly, Boolean skipCheckThis, Boolean fillCache, StackCrawlMark&amp; stackMark)
   在 System.RuntimeType.CreateInstanceDefaultCtor(Boolean publicOnly, Boolean skipCheckThis, Boolean fillCache, StackCrawlMark&amp; stackMark)
   在 System.Activator.CreateInstance(Type type, Boolean nonPublic)
   在 System.RuntimeType.CreateInstanceImpl(BindingFlags bindingAttr, Binder binder, Object[] args, CultureInfo culture, Object[] activationAttributes, StackCrawlMark&amp; stackMark)
   在 System.Activator.CreateInstance(Type type, BindingFlags bindingAttr, Binder binder, Object[] args, CultureInfo culture, Object[] activationAttributes)
   在 System.Activator.CreateInstance(Type type, Object[] args)
   在 System.Xaml.Schema.SafeReflectionInvoker.CreateInstanceCritical(Type type, Object[] arguments)
   在 System.Xaml.Schema.SafeReflectionInvoker.CreateInstance(Type type, Object[] arguments)
   在 System.Xaml.Schema.XamlTypeInvoker.CreateInstance(Object[] arguments)
   在 MS.Internal.Xaml.Runtime.ClrObjectRuntime.CreateInstanceWithCtor(XamlType xamlType, Object[] args)
   在 MS.Internal.Xaml.Runtime.ClrObjectRuntime.CreateInstance(XamlType xamlType, Object[] args)
   在 System.Xaml.XamlObjectWriter.Logic_CreateAndAssignToParentStart(ObjectWriterContext ctx)
   在 System.Xaml.XamlObjectWriter.WriteStartMember(XamlMember property)
   在 System.Xaml.XamlWriter.WriteNode(XamlReader reader)
   在 System.Windows.Markup.WpfXamlLoader.TransformNodes(XamlReader xamlReader, XamlObjectWriter xamlWriter, Boolean onlyLoadOneNode, Boolean skipJournaledProperties, Boolean shouldPassLineNumberInfo, IXamlLineInfo xamlLineInfo, IXamlLineInfoConsumer xamlLineInfoConsumer, XamlContextStack`1 stack, IStyleConnector styleConnector)
   在 System.Windows.Markup.WpfXamlLoader.Load(XamlReader xamlReader, IXamlObjectWriterFactory writerFactory, Boolean skipJournaledProperties, Object rootObject, XamlObjectWriterSettings settings, Uri baseUri)
   在 System.Windows.Markup.WpfXamlLoader.LoadBaml(XamlReader xamlReader, Boolean skipJournaledProperties, Object rootObject, XamlAccessLevel accessLevel, Uri baseUri)
   在 System.Windows.Markup.XamlReader.LoadBaml(Stream stream, ParserContext parserContext, Object parent, Boolean closeStream)
   在 System.Windows.Application.LoadBamlStreamWithSyncInfo(Stream stream, ParserContext pc)
   在 System.Windows.Application.LoadComponent(Uri resourceLocator, Boolean bSkipJournaledProperties)
   在 System.Windows.Application.DoStartup()
   在 System.Windows.Application.&lt;.ctor&gt;b__1_0(Object unused)
   在 System.Windows.Threading.ExceptionWrapper.InternalRealCall(Delegate callback, Object args, Int32 numArgs)
   在 System.Windows.Threading.ExceptionWrapper.TryCatchWhen(Object source, Delegate callback, Object args, Int32 numArgs, Delegate catchHandler)</StackTrace>
  <TargetSite>System.Object CreateInstance(System.RuntimeType, Boolean, Boolean, Boolean ByRef, System.RuntimeMethodHandleInternal ByRef, Boolean ByRef) @ System.RuntimeTypeHandle</TargetSite>
  <Type>System.Reflection.TargetInvocationException</Type>
</SerializableException>