<?xml version="1.0"?>
<Report xmlns:xsi="http://www.w3.org/2001/XMLSchema-instance" xmlns:xsd="http://www.w3.org/2001/XMLSchema">
  <GeneralInfo>
    <CLRVersion>4.0.30319.42000</CLRVersion>
    <DateTime>2019/8/19 3:57:09</DateTime>
    <ExceptionMessage>调用的目标发生了异常。</ExceptionMessage>
    <ExceptionType>System.Reflection.TargetInvocationException</ExceptionType>
    <HostApplication>CheckTranslationWidthAPP.exe</HostApplication>
    <HostApplicationVersion>1.0.0.0</HostApplicationVersion>
    <NBugVersion>1.2.1.0</NBugVersion>
    <TargetSite>System.Object CreateInstance(System.RuntimeType, Boolean, Boolean, Boolean ByRef, System.RuntimeMethodHandleInternal ByRef, Boolean ByRef) @ System.RuntimeTypeHandle</TargetSite>
  </GeneralInfo>
</Report>