<?xml version="1.0"?>
<Report xmlns:xsi="http://www.w3.org/2001/XMLSchema-instance" xmlns:xsd="http://www.w3.org/2001/XMLSchema">
  <GeneralInfo>
    <CLRVersion>4.0.30319.42000</CLRVersion>
    <DateTime>2019/8/20 3:36:14</DateTime>
    <ExceptionMessage>已取消一个任务。</ExceptionMessage>
    <ExceptionType>System.Threading.Tasks.TaskCanceledException</ExceptionType>
    <HostApplication>CheckTranslationWidthAPP.exe</HostApplication>
    <HostApplicationVersion>1.0.0.0</HostApplicationVersion>
    <NBugVersion>1.2.1.0</NBugVersion>
    <TargetSite>Void ThrowForNonSuccess(System.Threading.Tasks.Task) @ System.Runtime.CompilerServices.TaskAwaiter</TargetSite>
  </GeneralInfo>
</Report>