<?xml version="1.0"?>
<Report xmlns:xsi="http://www.w3.org/2001/XMLSchema-instance" xmlns:xsd="http://www.w3.org/2001/XMLSchema">
  <GeneralInfo>
    <CLRVersion>4.0.30319.42000</CLRVersion>
    <DateTime>2019/8/21 12:42:30</DateTime>
    <ExceptionMessage>某个 ItemsControl 与它的项源不一致。
  请参见内部异常以获取更多信息。</ExceptionMessage>
    <ExceptionType>System.InvalidOperationException</ExceptionType>
    <HostApplication>CheckTranslationWidthAPP.exe</HostApplication>
    <HostApplicationVersion>1.0.0.0</HostApplicationVersion>
    <NBugVersion>1.2.1.0</NBugVersion>
    <TargetSite>Void Verify() @ System.Windows.Controls.ItemContainerGenerator</TargetSite>
  </GeneralInfo>
</Report>